{
  "sampled_pages": [
    1,
    2,
    3,
    4,
    5,
    6,
    7,
    8,
    9,
    10,
    11,
    12,
    13,
    14,
    15,
    16,
    17,
    18,
    19,
    20,
    21,
    22,
    23,
    24,
    25,
    26,
    27,
    28,
    29,
    30,
    31,
    32,
    33,
    34,
    35,
    36,
    37,
    38,
    39,
    40,
    41,
    42,
    43,
    44,
    45,
    46,
    47,
    48,
    49,
    50,
    51,
    52,
    56,
    66,
    67,
    70,
    81,
    84,
    88,
    134,
    139,
    147
  ],
  "layout_rules": {
    "header_rule": {
      "enabled": true,
      "top_zone_max": 0.2,
      "max_text_len": 71,
      "max_words": 11,
      "max_block_height_ratio": 0.013454011387043498,
      "min_gap_below_ratio": 0.024755627412410927,
      "norm_y_mean": 0.18503045001042062
    },
    "footer_rule": {
      "enabled": true,
      "bottom_zone_min": 0.88,
      "max_text_len": 36,
      "max_words": 6,
      "max_block_height_ratio": 0.028289722433565916,
      "norm_y_mean": 0.8856888361045131
    },
    "page_number_rule": {
      "enabled": true
    }
  },
  "params": {
    "max_text_len": 100,
    "top_threshold": 0.2,
    "bottom_threshold": 0.88
  }
}